-- phpMyAdmin SQL Dump
-- version 5.0.4
-- https://www.phpmyadmin.net/
--
-- Host: localhost
-- Generation Time: Jul 06, 2023 at 07:15 PM
-- Server version: 5.5.68-MariaDB
-- PHP Version: 7.4.33

SET SQL_MODE = "NO_AUTO_VALUE_ON_ZERO";
START TRANSACTION;
SET time_zone = "+00:00";


/*!40101 SET @OLD_CHARACTER_SET_CLIENT=@@CHARACTER_SET_CLIENT */;
/*!40101 SET @OLD_CHARACTER_SET_RESULTS=@@CHARACTER_SET_RESULTS */;
/*!40101 SET @OLD_COLLATION_CONNECTION=@@COLLATION_CONNECTION */;
/*!40101 SET NAMES utf8mb4 */;

--
-- Database: `mhs_222112058`
--

-- --------------------------------------------------------

--
-- Table structure for table `posts`
--

CREATE TABLE `posts` (
  `id` int(11) NOT NULL,
  `user_id` int(11) NOT NULL,
  `topic_id` int(11) DEFAULT NULL,
  `title` varchar(255) NOT NULL,
  `image` varchar(255) NOT NULL,
  `body` text NOT NULL,
  `published` tinyint(4) NOT NULL,
  `created_at` datetime NOT NULL DEFAULT '2023-06-06 00:00:00'
) ENGINE=InnoDB DEFAULT CHARSET=utf8;

--
-- Dumping data for table `posts`
--

INSERT INTO `posts` (`id`, `user_id`, `topic_id`, `title`, `image`, `body`, `published`, `created_at`) VALUES
(22, 23, 10, 'Cara Menghadapi Tantangan Mental saat Kuliah', '1687586035_Why are college students so stressed out_ It\'s not because they\'re _snowflakes_.jpeg', '&lt;p&gt;Kehidupan perkuliahan bisa menjadi tantangan yang besar, terutama dari segi mental dan emosional. Berikut ini adalah 10 cara yang dapat membantu Anda menghadapi tantangan mental saat kuliah:&lt;/p&gt;&lt;p&gt;Kenali diri sendiri: Sadari kebutuhan dan batasan diri Anda. Kenali pola belajar Anda, waktu istirahat yang dibutuhkan, dan bagaimana Anda mengatasi stres. Dengan memahami diri sendiri, Anda dapat mengambil langkah-langkah yang tepat untuk menjaga kesehatan mental Anda.&lt;/p&gt;&lt;p&gt;&lt;strong&gt;Temukan dukungan:&lt;/strong&gt; Cari teman atau kelompok studi yang dapat menjadi tempat curhat dan berbagi pengalaman. Dukungan sosial dapat membantu mengurangi tekanan dan meningkatkan kesejahteraan mental Anda.&lt;/p&gt;&lt;p&gt;&lt;strong&gt;Manfaatkan sumber daya kampus&lt;/strong&gt;: Banyak kampus menawarkan layanan kesehatan mental, seperti konseling atau klinik psikologi. Jika Anda mengalami kesulitan, jangan ragu untuk memanfaatkan sumber daya ini. Mereka ada di sana untuk membantu Anda.&lt;/p&gt;&lt;p&gt;&lt;strong&gt;Tetap aktif secara fisik&lt;/strong&gt;: Olahraga secara teratur dapat membantu mengurangi stres dan meningkatkan suasana hati. Coba temukan aktivitas fisik yang Anda nikmati, seperti berlari, berenang, atau yoga, dan jadwalkan waktu untuk berolahraga setiap minggunya.&lt;/p&gt;&lt;p&gt;&lt;strong&gt;Atur waktu istirahat yang cukup&lt;/strong&gt;: Istirahat yang cukup sangat penting bagi kesehatan mental Anda. Jangan mengorbankan waktu tidur Anda untuk menyelesaikan tugas. Prioritaskan tidur yang berkualitas untuk menjaga keseimbangan dan fokus Anda.&lt;/p&gt;&lt;p&gt;&lt;strong&gt;Kelola ekspektasi&lt;/strong&gt;: Jangan terlalu keras pada diri sendiri. Setel ekspektasi yang realistis dan berfokus pada usaha terbaik Anda. Terimalah bahwa kegagalan dan kesalahan adalah bagian dari proses belajar.&lt;/p&gt;&lt;p&gt;&lt;strong&gt;Temukan cara mengelola stres&lt;/strong&gt;: Setiap orang memiliki cara yang berbeda dalam mengelola stres. Temukan strategi yang efektif bagi Anda, seperti meditasi, bernyanyi, menulis jurnal, atau bermain alat musik. Cobalah beberapa teknik dan lihat mana yang memberikan efek positif pada Anda.&lt;/p&gt;&lt;p&gt;&lt;strong&gt;Jaga kehidupan sosial&lt;/strong&gt;: Terlibat dalam kehidupan sosial yang sehat dapat membantu mengurangi tekanan akademik. Carilah teman-teman yang positif dan ikut serta dalam kegiatan ekstrakurikuler atau organisasi kampus yang Anda minati.&lt;/p&gt;&lt;p&gt;&lt;strong&gt;Jangan ragu untuk meminta bantuan&lt;/strong&gt;: Jika Anda merasa kewalahan atau mengalami masalah yang serius, jangan takut untuk mencari bantuan profesional. Konselor atau psikolog dapat memberikan panduan dan dukungan yang Anda butuhkan.&lt;/p&gt;&lt;p&gt;&lt;strong&gt;Jaga keseimbangan&lt;/strong&gt;: Jangan hanya fokus pada kuliah dan tugas akademik. Sisihkan waktu untuk melakukan hal-hal yang Anda sukai di luar perkuliahan, seperti hobi, berlibur, atau menghabiskan waktu bersama keluarga dan teman-teman. Keseimbangan antara akademik dan kehidupan pribadi sangat penting bagi kesehatan mental Anda.&lt;/p&gt;&lt;p&gt;Dengan mengimplementasikan langkah-langkah di atas, Anda dapat menghadapi tantangan mental yang mungkin timbul selama masa kuliah dengan lebih baik. Ingatlah bahwa kesehatan mental adalah prioritas penting, jadi jangan ragu untuk mencari bantuan ketika Anda membutuhkannya.&lt;/p&gt;&lt;p&gt;&amp;nbsp;&lt;/p&gt;&lt;p&gt;&lt;br&gt;&amp;nbsp;&lt;/p&gt;', 1, '2023-06-06 00:00:00'),
(23, 24, 9, 'Peran Statistik dalam Pengambilan Keputusan Bisnis yang Efektif', '1687586200_Basic statistics for every Data Scientist.jpeg', '&lt;p&gt;Statistik memainkan peran yang sangat penting dalam pengambilan keputusan bisnis yang efektif. Dalam dunia yang didorong oleh data saat ini, pemahaman yang kuat tentang statistik menjadi keterampilan yang sangat berharga. Berikut ini adalah tiga aspek penting mengenai peran statistik dalam pengambilan keputusan bisnis:&lt;/p&gt;&lt;p&gt;Pengumpulan dan analisis data: Statistik memungkinkan perusahaan untuk mengumpulkan data yang relevan dari berbagai sumber dan mengubahnya menjadi informasi yang berguna. Dengan menggunakan metode statistik yang tepat, data dapat dianalisis secara mendalam untuk mengungkapkan tren, pola, dan wawasan yang berpotensi berdampak pada keputusan bisnis.&lt;/p&gt;&lt;p&gt;Mengukur kinerja dan evaluasi: Statistik memberikan alat untuk mengukur kinerja bisnis secara objektif. Dengan menggunakan metrik statistik seperti rasio keuangan, analisis regresi, atau analisis variansi, perusahaan dapat mengevaluasi performa mereka dalam berbagai aspek seperti penjualan, produktivitas, kepuasan pelanggan, dan lainnya. Informasi ini membantu manajemen dalam mengidentifikasi area yang perlu ditingkatkan atau strategi yang perlu diubah.&lt;/p&gt;&lt;p&gt;Ramalan dan prediksi: Salah satu kekuatan utama statistik adalah kemampuannya untuk meramalkan dan memprediksi berdasarkan data historis. Dengan menggunakan metode seperti analisis time series atau regresi, perusahaan dapat mengidentifikasi tren masa depan, memprediksi permintaan pasar, perkiraan penjualan, dan mengambil langkah-langkah yang tepat untuk menghadapinya. Ramalan yang akurat dapat membantu perusahaan mengambil keputusan yang lebih baik tentang persediaan, produksi, strategi pemasaran, dan alokasi sumber daya.&lt;/p&gt;&lt;p&gt;Dalam era di mana data melimpah dan kompleksitas bisnis semakin meningkat, kemampuan untuk menggunakan statistik dengan benar menjadi keunggulan kompetitif. Dengan memanfaatkan statistik secara efektif, perusahaan dapat mengambil keputusan yang lebih informasional, meminimalkan risiko, meningkatkan efisiensi, dan meraih keunggulan kompetitif di pasar yang kompetitif.&lt;/p&gt;', 1, '2023-06-06 00:00:00'),
(24, 24, 9, 'Pentingnya Statistik dalam Penelitian Ilmiah', '1687586329_Magnifying glass on charts graphs paper_ Financial development, Banking Account, Statistics, Investment Analytic research data economy, Stock exchange trading, Business office company meeting concept_.jpeg', '&lt;p&gt;Statistik memainkan peran krusial dalam penelitian ilmiah. Dalam konteks penelitian, statistik digunakan untuk mengumpulkan, menganalisis, dan menginterpretasikan data guna mendapatkan pemahaman yang lebih mendalam tentang fenomena yang diteliti. Berikut ini adalah dua alasan mengapa statistik sangat penting dalam penelitian ilmiah:&lt;/p&gt;&lt;p&gt;Pengambilan sampel dan generalisasi: Statistik memungkinkan peneliti untuk mengambil sampel yang representatif dari populasi yang lebih besar. Dengan menggunakan teknik pengambilan sampel yang sesuai dan menghitung ukuran sampel yang memadai, peneliti dapat membuat generalisasi yang sah tentang populasi secara keseluruhan. Hal ini memungkinkan penemuan dan temuan penelitian untuk memiliki relevansi yang lebih luas dan dapat diterapkan pada konteks yang lebih luas.&lt;/p&gt;&lt;p&gt;Analisis data dan validitas temuan: Dalam penelitian, data yang dikumpulkan perlu dianalisis dengan menggunakan metode statistik yang tepat. Analisis statistik memungkinkan peneliti untuk mengidentifikasi hubungan, pola, dan perbedaan signifikan antara variabel-variabel yang diteliti. Dengan menggunakan uji hipotesis, analisis regresi, atau analisis multivariat lainnya, peneliti dapat mengevaluasi validitas temuan mereka dan mengambil kesimpulan yang didasarkan pada bukti statistik yang kuat.&lt;/p&gt;&lt;p&gt;Selain itu, statistik juga memainkan peran penting dalam menginterpretasikan hasil penelitian. Dengan menggunakan teknik seperti interval kepercayaan, tingkat signifikansi, dan ukuran efek, peneliti dapat memberikan interpretasi yang obyektif dan memberikan kepercayaan kepada pembaca atau pemangku kepentingan tentang keandalan temuan mereka.&lt;/p&gt;&lt;p&gt;Dalam dunia penelitian ilmiah, penggunaan statistik yang tepat dan cermat sangat penting. Dengan menerapkan metode statistik yang valid dan interpretasi yang hati-hati, peneliti dapat menghasilkan temuan yang kuat, meningkatkan kepercayaan dalam penelitian mereka, dan berkontribusi pada pengembangan pengetahuan dalam disiplin ilmiah yang relevan.&lt;/p&gt;', 1, '2023-06-06 00:00:00'),
(25, 24, 9, 'Penerapan Statistik dalam Pengambilan Keputusan Pemasaran', '1687586431_7 Surprising Email Marketing Statistics for 2023.jpeg', '&lt;p&gt;Statistik memainkan peran yang signifikan dalam pengambilan keputusan pemasaran yang efektif. Dalam dunia bisnis yang kompetitif, pemahaman tentang data dan angka menjadi kunci untuk merumuskan strategi pemasaran yang sukses. Berikut adalah contoh penerapan statistik dalam pengambilan keputusan pemasaran:&lt;/p&gt;&lt;p&gt;Analisis pasar: Statistik memungkinkan perusahaan untuk mengumpulkan dan menganalisis data pasar yang relevan. Dengan menggunakan metode statistik seperti survei, penelitian pasar, atau analisis segmentasi, perusahaan dapat memahami preferensi pelanggan, perilaku pembelian, dan tren pasar. Informasi ini memungkinkan perusahaan untuk mengidentifikasi segmen pasar yang potensial, mengembangkan strategi pemasaran yang sesuai, dan menyesuaikan produk atau layanan dengan kebutuhan pelanggan.&lt;/p&gt;&lt;p&gt;Uji A/B dan eksperimen: Statistik digunakan untuk melakukan uji A/B dan eksperimen dalam rangka menguji efektivitas berbagai strategi pemasaran. Dengan membagi kelompok target menjadi kelompok kontrol dan kelompok eksperimen, perusahaan dapat mengukur dampak dari perubahan variabel pemasaran tertentu, seperti perubahan harga, tata letak iklan, atau desain kemasan. Dengan menggunakan analisis statistik, perusahaan dapat menentukan mana strategi yang paling efektif dalam meningkatkan konversi atau kepuasan pelanggan.&lt;/p&gt;&lt;p&gt;Pengoptimalan kampanye pemasaran: Melalui analisis statistik, perusahaan dapat mengoptimalkan kampanye pemasaran mereka. Dengan memantau metrik kinerja seperti tingkat respons, konversi, atau tingkat retensi pelanggan, perusahaan dapat melakukan analisis statistik untuk mengidentifikasi variabel yang paling berpengaruh terhadap keberhasilan kampanye. Hal ini memungkinkan perusahaan untuk mengalokasikan sumber daya dengan lebih efisien, memperbaiki elemen kampanye yang kurang efektif, dan meningkatkan pengembalian investasi (ROI) dari kegiatan pemasaran mereka.&lt;/p&gt;&lt;p&gt;Dalam pemasaran, statistik adalah alat yang kuat untuk mendapatkan wawasan yang mendalam tentang pelanggan dan pasar. Dengan menggunakan statistik dengan benar, perusahaan dapat mengidentifikasi peluang, mengoptimalkan strategi pemasaran, dan membuat keputusan yang didasarkan pada bukti data. Penggunaan statistik yang cermat dapat membantu perusahaan mencapai hasil pemasaran yang lebih baik, meningkatkan keunggulan kompetitif, dan mencapai kesuksesan jangka panjang.&lt;/p&gt;', 1, '2023-06-06 00:00:00'),
(26, 24, 9, 'Mengenal Software Statistik: Alat Penting untuk Analisis Data', '1687590614_ggplot2 - Easy Way to Mix Multiple Graphs on The Same Page - Articles.png', '&lt;p&gt;Dalam dunia yang didominasi oleh data, penggunaan software statistik telah menjadi kunci untuk melakukan analisis data yang kompleks dan mendapatkan wawasan yang berharga. Software statistik adalah alat yang dirancang khusus untuk membantu para peneliti, analis data, dan profesional dalam mengelola, menganalisis, dan memvisualisasikan data secara efektif. Berikut ini adalah beberapa hal yang perlu diketahui tentang software statistik:&lt;/p&gt;&lt;p&gt;Kemampuan analisis yang luas: Software statistik biasanya dilengkapi dengan berbagai teknik analisis statistik yang kuat. Mereka mampu melakukan analisis deskriptif, uji hipotesis, analisis regresi, analisis multivariat, analisis deret waktu, dan banyak lagi. Dengan menggunakan software statistik, pengguna dapat memilih metode yang sesuai untuk pertanyaan penelitian mereka dan menghasilkan hasil analisis yang akurat.&lt;/p&gt;&lt;p&gt;Kemudahan penggunaan: Software statistik modern dirancang untuk menjadi user-friendly, memungkinkan pengguna yang tidak memiliki latar belakang statistik yang mendalam untuk mengoperasikannya. Mereka menawarkan antarmuka grafis yang intuitif, menu navigasi yang mudah, dan dukungan dokumentasi yang lengkap. Dalam beberapa klik, pengguna dapat mengimpor data mereka, memilih metode analisis yang sesuai, dan menghasilkan output yang relevan.&lt;/p&gt;&lt;p&gt;Visualisasi data yang menarik: Salah satu keunggulan software statistik adalah kemampuannya untuk membuat visualisasi data yang menarik dan informatif. Dengan menggunakan grafik, diagram, heatmap, atau plot lainnya, pengguna dapat dengan mudah menerjemahkan data menjadi visual yang lebih mudah dipahami dan mengidentifikasi pola atau tren yang mungkin tersembunyi dalam data.&lt;/p&gt;&lt;p&gt;Kemampuan pemodelan prediktif: Beberapa software statistik juga menyediakan kemampuan pemodelan prediktif, di mana pengguna dapat membangun model statistik kompleks untuk meramalkan atau memprediksi hasil di masa depan. Ini termasuk analisis regresi, analisis waktu, atau penggunaan algoritma pembelajaran mesin. Pemodelan prediktif membantu organisasi untuk membuat keputusan yang lebih cerdas berdasarkan pemahaman mendalam tentang pola dan tren masa lalu.&lt;/p&gt;&lt;p&gt;Integrasi dengan bahasa pemrograman: Beberapa software statistik juga menyediakan integrasi dengan bahasa pemrograman seperti R atau Python. Hal ini memungkinkan pengguna yang lebih terampil secara teknis untuk mengembangkan analisis statistik kustom, mengotomatisasi tugas-tugas analitis, atau mengintegrasikan software statistik dengan alat atau sistem lain yang digunakan dalam organisasi.&lt;/p&gt;&lt;p&gt;&lt;br&gt;&amp;nbsp;&lt;/p&gt;', 1, '2023-06-06 00:00:00'),
(27, 24, 10, 'Mengatasi Bullying di Lingkungan Kampus: Membangun Kebersamaan dan Mengedukasi', '1687590718_How to Deal with College Bullying_ Best Ways Suggested by Experts.jpeg', '&lt;p&gt;Bullying atau perundungan merupakan masalah yang serius di lingkungan kampus yang dapat memiliki dampak yang merugikan bagi korban dan seluruh komunitas kampus. Penting bagi setiap individu di lingkungan kampus, mulai dari mahasiswa, dosen, hingga staf administrasi, untuk bersama-sama mengatasi bullying dan menciptakan lingkungan yang aman dan inklusif. Berikut ini adalah beberapa langkah yang dapat diambil untuk mengatasi bullying di lingkungan kampus:&lt;/p&gt;&lt;p&gt;Pendidikan dan kesadaran: Mengedukasi seluruh komunitas kampus tentang konsep bullying, dampaknya, dan pentingnya menghadapinya adalah langkah awal yang penting. Mengadakan seminar, lokakarya, atau diskusi terbuka tentang bullying dapat membantu meningkatkan pemahaman dan kesadaran tentang masalah ini. Hal ini juga penting untuk menekankan bahwa setiap bentuk bullying tidak dapat ditoleransi dan harus segera dilaporkan.&lt;/p&gt;&lt;p&gt;Kebijakan anti-bullying: Penting bagi setiap institusi pendidikan untuk memiliki kebijakan yang jelas dan tegas terkait bullying di lingkungan kampus. Kebijakan ini harus mencakup definisi bullying, prosedur pelaporan, langkah-langkah penanganan, dan konsekuensi bagi pelaku. Kebijakan ini harus dipromosikan secara aktif dan dipatuhi oleh seluruh anggota komunitas kampus.&lt;/p&gt;&lt;p&gt;Pembentukan tim penanganan bullying: Membentuk tim khusus yang bertanggung jawab dalam menangani kasus-kasus bullying adalah langkah penting. Tim ini dapat terdiri dari staf kampus, konselor, dan perwakilan mahasiswa. Mereka dapat membantu menyediakan sumber daya, mendengarkan keluhan, menyelidiki kasus, dan memberikan dukungan kepada korban.&lt;/p&gt;&lt;p&gt;Promosi budaya inklusif dan saling menghormati: Membangun budaya inklusif dan saling menghormati di lingkungan kampus sangat penting dalam mengatasi bullying. Ini dapat dilakukan dengan mendorong kerjasama, toleransi, dan penghargaan terhadap keberagaman di antara seluruh anggota komunitas. Mengadakan kegiatan sosial, seminar keberagaman, atau program mentoring juga dapat membantu memperkuat ikatan antara mahasiswa dan menciptakan lingkungan yang aman dan mendukung.&lt;/p&gt;&lt;p&gt;Dukungan bagi korban: Korban bullying seringkali merasa terisolasi dan takut untuk melaporkan kasus yang mereka alami. Penting bagi kampus untuk menyediakan saluran dukungan dan bantuan bagi korban bullying. Ini dapat melibatkan penyediaan layanan konseling, mentoring, atau kelompok dukungan. Penting juga untuk menjamin kerahasiaan dan perlindungan bagi korban yang melaporkan kasus bullying.&lt;/p&gt;&lt;p&gt;Mengatasi bullying di lingkungan kampus membutuhkan komitmen dan kerjasama dari seluruh anggota komunitas. Setiap individu di kampus memiliki peran penting dalam menciptakan lingkungan yang bebas dari bullying. Dengan mendidik, mengedukasi, dan mendukung satu sama lain, kita dapat membangun kampus yang inklusif, ramah, dan aman bagi semua orang.&lt;/p&gt;', 1, '2023-06-06 00:00:00'),
(28, 24, 10, ' Tata Cara Berkomunikasi yang Efektif dengan Dosen: Memaksimalkan Manfaat Kolaborasi', '1687590873_The Great _Respect_ Deception.png', '&lt;p&gt;Berinteraksi dan berkomunikasi dengan dosen adalah bagian integral dari pengalaman perkuliahan. Dalam upaya mencapai pemahaman yang lebih baik, memperoleh bimbingan, dan memaksimalkan manfaat kolaborasi dengan dosen, penting bagi mahasiswa untuk mengikuti tata cara berkomunikasi yang efektif. Berikut adalah beberapa tips untuk berkomunikasi dengan dosen secara efektif:&lt;/p&gt;&lt;p&gt;Jadwalkan pertemuan: Jika Anda memiliki pertanyaan atau ingin mendiskusikan topik tertentu dengan dosen, jadwalkan pertemuan secara formal. Hindari mengganggu dosen di luar jam konsultasi mereka atau secara tiba-tiba menghampiri mereka di koridor. Dengan jadwal yang teratur, dosen dapat mempersiapkan diri dan memberikan perhatian penuh pada percakapan Anda.&lt;/p&gt;&lt;p&gt;Persiapkan pertanyaan atau topik pembicaraan: Sebelum bertemu dengan dosen, pastikan Anda telah mempersiapkan pertanyaan atau topik yang ingin Anda bahas. Buatlah daftar poin-poin yang ingin Anda sampaikan agar Anda tidak melupakan apa yang ingin Anda diskusikan. Ini akan membantu menjaga fokus percakapan dan memastikan bahwa Anda mendapatkan jawaban yang memuaskan.&lt;/p&gt;&lt;p&gt;Bersikap hormat dan sopan: Saat berkomunikasi dengan dosen, selalu tunjukkan sikap hormat dan sopan. Gunakan bahasa yang sesuai, hindari penggunaan bahasa slang atau tidak pantas. Dengarkan dengan seksama apa yang dosen katakan dan berikan respons yang baik. Hindari konfrontasi atau sikap defensif. Ingatlah bahwa tujuan Anda adalah untuk membangun hubungan yang baik dan saling mendukung.&lt;/p&gt;&lt;p&gt;Jelaskan dengan jelas dan konkret: Ketika mengungkapkan pertanyaan atau masalah, pastikan Anda menjelaskannya dengan jelas dan konkret. Hindari penggunaan bahasa ambigu atau pernyataan yang terlalu umum. Sampaikan informasi dengan rinci dan berikan konteks yang relevan agar dosen dapat memahami sepenuhnya apa yang Anda maksud.&lt;/p&gt;&lt;p&gt;Dengarkan dengan aktif: Ketika berkomunikasi dengan dosen, jadilah pendengar yang aktif. Berikan perhatian penuh pada apa yang dosen sampaikan, jangan tergesa-gesa untuk merespon atau menginterupsi. Dengarkan dengan sabar dan berikan tanda-tanda bahwa Anda memahami apa yang sedang dikatakan. Jika ada hal yang tidak jelas, mintalah klarifikasi dengan sopan.&lt;/p&gt;&lt;p&gt;Gunakan email dengan bijaksana: Email adalah saluran komunikasi yang umum digunakan untuk berhubungan dengan dosen. Saat mengirim email, pastikan pesan Anda singkat, jelas, dan berbobot. Jelaskan tujuan Anda dengan ringkas, gunakan bahasa yang sopan, dan sertakan informasi yang relevan seperti nama, nomor identitas, atau judul mata kuliah jika perlu.&lt;/p&gt;&lt;p&gt;Manfaatkan sumber daya yang ada: Selain pertemuan langsung, manfaatkan sumber daya yang disediakan oleh dosen, seperti forum diskusi online atau platform e-learning. Gunakan kesempatan ini untuk mengajukan pertanyaan, berbagi pemikiran, atau meminta umpan balik dari dosen dan rekan sekelas.&lt;/p&gt;&lt;p&gt;Dalam berkomunikasi dengan dosen, penting untuk menjaga profesionalisme dan kebijaksanaan. Jangan ragu untuk memanfaatkan kesempatan yang ada untuk berinteraksi dan memperoleh bimbingan dari dosen. Dengan mengikuti tata cara berkomunikasi yang efektif, Anda akan membangun hubungan yang saling menguntungkan dan mendapatkan manfaat maksimal dari kolaborasi dengan dosen.&lt;/p&gt;', 1, '2023-06-06 00:00:00'),
(29, 24, 13, 'Melihat Jakarta Lebih Dekat: Jalan-jalan Menarik di Ibu Kota Indonesia', '1687591024_Top 5 free things to do in Jakarta_ Budget travel _ Pins In Maps Travel.jpeg', '&lt;p&gt;Sebagai ibu kota Indonesia, Jakarta adalah kota yang kaya akan budaya, sejarah, dan keragaman. Selain sebagai pusat bisnis dan politik, Jakarta juga menawarkan berbagai destinasi menarik yang dapat dinikmati oleh penduduk lokal maupun wisatawan. Berikut adalah beberapa tempat jalan-jalan yang menarik di Jakarta:&lt;/p&gt;&lt;p&gt;Monumen Nasional (Monas): Monas adalah ikon kota Jakarta yang tidak boleh dilewatkan. Monumen setinggi 132 meter ini menjadi simbol kemerdekaan Indonesia. Pengunjung dapat naik ke puncak Monas menggunakan lift dan menikmati pemandangan indah kota Jakarta dari atas. Di sekitar Monas juga terdapat taman yang luas dan museum yang menjelaskan sejarah Indonesia.&lt;/p&gt;&lt;p&gt;Taman Mini Indonesia Indah (TMII): TMII merupakan taman tema yang menampilkan miniatur dari berbagai budaya, tradisi, dan keindahan alam Indonesia. Pengunjung dapat menjelajahi area yang luas dan melihat miniatur rumah adat, taman-taman tematik, dan berbagai atraksi budaya dari seluruh Indonesia. TMII juga memiliki museum dan teater yang menampilkan pertunjukan seni dan budaya.&lt;/p&gt;&lt;p&gt;Kota Tua: Kota Tua Jakarta adalah pusat sejarah dan kebudayaan kota ini. Di sini, Anda dapat menjelajahi bangunan-bangunan peninggalan Belanda yang masih ada, seperti Museum Fatahillah, Cafe Batavia, dan Gedung Bank Indonesia. Jalan-jalan di sekitar Kota Tua yang dipenuhi dengan arsitektur kolonial memberikan suasana yang unik dan menarik.&lt;/p&gt;&lt;p&gt;Ragunan Zoo: Bagi pecinta hewan dan alam, Ragunan Zoo adalah tempat yang sempurna untuk dikunjungi. Zoo ini merupakan salah satu yang tertua di Asia dan menampung berbagai spesies hewan. Pengunjung dapat menjelajahi area yang luas, melihat hewan-hewan langka, dan belajar tentang keanekaragaman hayati Indonesia.&lt;/p&gt;&lt;p&gt;Ancol Dreamland: Ancol Dreamland adalah kompleks hiburan terbesar di Jakarta. Di sini, Anda dapat menemukan Taman Impian Jaya Ancol, SeaWorld, Atlantis Water Adventure, Pantai Ancol, dan masih banyak lagi. Ancol Dreamland menawarkan berbagai wahana dan atraksi yang cocok untuk segala usia, menjadikannya tempat yang populer untuk bersenang-senang dan berlibur di Jakarta.&lt;/p&gt;&lt;p&gt;Kepulauan Seribu: Meskipun bukan bagian langsung dari Jakarta, Kepulauan Seribu adalah destinasi yang terdekat dan layak untuk dikunjungi. Dengan pulau-pulau yang indah, pantai berpasir putih, dan kehidupan bawah laut yang menakjubkan, Kepulauan Seribu menawarkan tempat yang sempurna untuk bersantai, berenang, menyelam, dan menikmati keindahan alam.&lt;/p&gt;&lt;p&gt;Pasar Seni Jalan Surabaya: Bagi pecinta barang antik dan unik, Pasar Seni Jalan Surabaya adalah tempat yang tepat untuk berburu. Pasar ini menawarkan berbagai macam barang antik, mulai dari perabotan kuno, kerajinan tangan, hingga koleksi barang-barang vintage. Menjelajahi pasar ini adalah pengalaman yang menarik dan dapat membawa pulang barang-barang unik sebagai kenang-kenangan.&lt;/p&gt;&lt;p&gt;Kota Kasablanka: Bagi pecinta belanja dan kuliner, Kota Kasablanka adalah pusat perbelanjaan yang populer di Jakarta. Di sini, Anda dapat menemukan berbagai toko, restoran, dan bioskop terkini. Kota Kasablanka menawarkan pengalaman belanja yang lengkap dan juga tempat yang nyaman untuk bersantai dan menikmati hidangan lezat.&lt;/p&gt;&lt;p&gt;Taman Suropati: Taman Suropati adalah taman yang hijau dan tenang di tengah keramaian kota Jakarta. Taman ini menjadi tempat populer untuk berolahraga, piknik, atau sekadar bersantai. Pengunjung dapat menikmati pepohonan rindang, area bermain anak, dan suasana yang menyenangkan di Taman Suropati.&lt;/p&gt;&lt;p&gt;Pacific Place: Pacific Place adalah pusat perbelanjaan dan hiburan eksklusif di Jakarta. Di sini, Anda dapat menemukan butik-butik mewah, restoran bergengsi, dan pusat bioskop terkini. Pacific Place menawarkan pengalaman berbelanja yang mewah dan juga menjadi tempat yang nyaman untuk bersantai.&lt;/p&gt;&lt;p&gt;Jalan-jalan di Jakarta menawarkan beragam pengalaman dan kesempatan untuk mengeksplorasi keindahan kota dan budayanya. Dengan destinasi yang bervariasi, mulai dari tempat sejarah, taman hiburan, hingga tempat belanja, Jakarta memiliki sesuatu untuk semua orang.&lt;/p&gt;', 1, '2023-06-06 00:00:00'),
(30, 24, 13, 'Menjelajahi Jakarta dengan Budget Mahasiswa: Tempat Seru yang Ramah di Kantong', '1687591104_Tripoto.jpeg', '&lt;p&gt;Sebagai seorang mahasiswa, menjelajahi Jakarta dengan anggaran terbatas tidak berarti Anda harus melewatkan kesempatan untuk menikmati tempat-tempat menarik. Kota ini menyediakan beberapa pilihan destinasi yang seru dan ramah di kantong. Berikut adalah beberapa tempat yang dapat Anda kunjungi dengan budget mahasiswa:&lt;/p&gt;&lt;p&gt;Taman Menteng: Taman Menteng adalah taman yang hijau dan tenang di tengah kota Jakarta. Anda dapat menikmati waktu santai di sini tanpa biaya masuk. Bawa bekal makanan ringan dan temui teman-teman untuk piknik sederhana atau sekadar bersantai di bawah pepohonan rindang.&lt;/p&gt;&lt;p&gt;Museum Kebangkitan Nasional: Museum ini merupakan tempat yang menarik untuk mengeksplorasi sejarah perjuangan kemerdekaan Indonesia. Biaya masuknya terjangkau, dan Anda dapat belajar lebih banyak tentang peristiwa-peristiwa penting dalam sejarah Indonesia, serta melihat koleksi artefak dan dokumentasi yang menarik.&lt;/p&gt;&lt;p&gt;Kota Tua: Menjelajahi Kota Tua Jakarta adalah pengalaman yang menyenangkan dan edukatif. Biaya masuk ke beberapa museum di sini terjangkau, seperti Museum Fatahillah dan Museum Wayang. Anda dapat berjalan-jalan di sekitar area ini untuk melihat bangunan bersejarah dan menikmati suasana kota tua yang unik.&lt;/p&gt;&lt;p&gt;Kebun Raya Bogor: Meskipun bukan berada langsung di Jakarta, Kebun Raya Bogor merupakan tempat yang layak untuk dikunjungi dengan biaya yang terjangkau. Biaya masuknya sangat terjangkau bagi mahasiswa, dan Anda dapat menjelajahi taman yang luas dengan berbagai koleksi tanaman yang indah.&lt;/p&gt;&lt;p&gt;Pasar Santa: Pasar Santa adalah destinasi yang populer di kalangan anak muda dengan budget terbatas. Pasar ini menawarkan berbagai makanan lezat dengan harga terjangkau. Anda dapat menikmati makanan jalanan, kafe, dan makanan internasional yang tersedia di sini.&lt;/p&gt;&lt;p&gt;Museum Bank Indonesia: Museum ini menawarkan pengalaman belajar yang menarik tentang sejarah dan perkembangan sistem perbankan di Indonesia. Biaya masuknya gratis, dan Anda dapat mengeksplorasi pameran yang menarik dan interaktif.&lt;/p&gt;&lt;p&gt;Pantai Ancol: Pantai Ancol adalah tempat yang populer untuk bersantai dan menikmati suasana pantai di Jakarta. Biaya masuknya terjangkau, dan Anda dapat menikmati pasir putih, matahari, dan pemandangan laut yang menenangkan.&lt;/p&gt;&lt;p&gt;Lapangan Banteng: Lapangan Banteng adalah tempat yang sering digunakan untuk acara dan festival di Jakarta. Anda dapat menikmati suasana terbuka dan melakukan kegiatan olahraga atau piknik tanpa biaya masuk.&lt;/p&gt;&lt;p&gt;Taman Suropati: Taman ini adalah tempat yang populer untuk berkumpul dan bersantai di Jakarta. Biaya masuknya gratis, dan Anda dapat menikmati udara segar, berjalan-jalan di sekitar taman, atau berpartisipasi dalam acara komunitas yang diadakan di sana.&lt;/p&gt;&lt;p&gt;Sarinah Department Store: Sarinah adalah toko serba ada yang terkenal di Jakarta. Anda dapat menjelajahi toko ini tanpa biaya masuk dan menemukan berbagai barang dengan harga yang terjangkau.&lt;/p&gt;&lt;p&gt;Dengan memilih destinasi wisata yang sesuai dengan budget mahasiswa, Anda tetap dapat menikmati berbagai tempat menarik di Jakarta tanpa merogoh kocek terlalu dalam. Jangan lupa untuk merencanakan perjalanan Anda dengan bijak, membawa bekal makanan dan minuman, serta memanfaatkan transportasi umum untuk menghemat biaya perjalanan. Selamat menjelajahi Jakarta dengan budget mahasiswa!&lt;/p&gt;', 1, '2023-06-06 00:00:00'),
(31, 23, 13, 'Monarchy-Definition', '1687615669_monarchy-definition.png', '&lt;p&gt;A monarchy is a system of administration where the monarch serves as the head of state throughout life or until they abdicate. In absolute monarchies, the monarch has a complete dictatorial power over the administrative, legislative, and judicial branches of government. In constitutional monarchies, the monarch\'s political legitimacy and authority are more limited and mostly symbolic.&lt;/p&gt;&lt;p&gt;&lt;img src=&quot;https://static.javatpoint.com/definition/images/monarchy-definition.png&quot; alt=&quot;Monarchy-Definition&quot;&gt;&lt;/p&gt;&lt;p&gt;In numerous instances, the succession of kings and queens has been hereditary, frequently resulting in dynastic eras. However, monarchy that are elected and self-declared have also existed throughout history. Although they are not innate to monarchies, aristocrats frequently serve as the pool of candidates from which the king is selected and as the members of the institutions that make up the monarchy (such as the diet and court), providing many monarchs\' oligarchic features.&lt;/p&gt;&lt;h2&gt;Meaning&lt;/h2&gt;&lt;p&gt;Monarchy, a kind of government in which one person has unbroken sovereignty or authority. The word refers to countries where the monarch, a unique ruler who serves as the head of state and is installed in that position by birth, holds the highest authority. Only male succession, often from father to son, is permitted in the majority of monarchies.&lt;/p&gt;&lt;p&gt;The term &quot;monarch&quot; (Late Latin: monarchia) is derived from the Ancient Greek word mon&aacute;rkhs, which is made up of the words m&oacute;nos, &quot;one, single,&quot; and &quot;to rule&quot;. It made reference to one, if not truly absolute, then at least formally so. Since elective monarchies are very uncommon, the term &quot;monarchy&quot; as it is used today often refers to a conventional system of hereditary authority.&lt;/p&gt;&lt;p&gt;&lt;img src=&quot;https://static.javatpoint.com/definition/images/monarchy-definition2.png&quot; alt=&quot;Monarchy-Definition&quot;&gt;&lt;/p&gt;&lt;p&gt;Emperors, Empresses, Kings, and Queens are some examples of titles given to monarchs. Through personal relationship with the monarch, monarchs can create federations, personal unions, and kingdoms with vassals, which is a typical explanation for why kings hold many titles.&lt;/p&gt;&lt;p&gt;Up to the 20th century, republics had largely superseded monarchy as the most prevalent type of governance.&lt;/p&gt;&lt;p&gt;&lt;br&gt;&amp;nbsp;&lt;/p&gt;', 1, '2023-06-06 00:00:00');

-- --------------------------------------------------------

--
-- Table structure for table `topics`
--

CREATE TABLE `topics` (
  `id` int(11) NOT NULL,
  `name` varchar(100) NOT NULL,
  `description` text NOT NULL
) ENGINE=InnoDB DEFAULT CHARSET=utf8;

--
-- Dumping data for table `topics`
--

INSERT INTO `topics` (`id`, `name`, `description`) VALUES
(9, 'Statistik', ''),
(10, 'College-Life', ''),
(13, 'Jalan-jalan', 'Healing seru!');

-- --------------------------------------------------------

--
-- Table structure for table `users`
--

CREATE TABLE `users` (
  `id` int(11) NOT NULL,
  `admin` tinyint(4) NOT NULL,
  `username` varchar(255) NOT NULL,
  `email` varchar(255) NOT NULL,
  `password` varchar(255) NOT NULL,
  `created_at` timestamp NOT NULL DEFAULT CURRENT_TIMESTAMP
) ENGINE=InnoDB DEFAULT CHARSET=utf8;

--
-- Dumping data for table `users`
--

INSERT INTO `users` (`id`, `admin`, `username`, `email`, `password`, `created_at`) VALUES
(23, 1, 'admin', 'admin@gmail.com', '$2y$10$KLr6AKDJXqX.qPxTteFF3uqVUGFJ5t4b37Y.q6CLLdZ1WtArgXjje', '2023-06-17 05:16:15'),
(24, 1, 'feza', 'feza@gmail.com', 'feza', '2023-07-06 12:02:25');

--
-- Indexes for dumped tables
--

--
-- Indexes for table `posts`
--
ALTER TABLE `posts`
  ADD PRIMARY KEY (`id`),
  ADD KEY `topic_id` (`topic_id`);

--
-- Indexes for table `topics`
--
ALTER TABLE `topics`
  ADD PRIMARY KEY (`id`),
  ADD UNIQUE KEY `name` (`name`);

--
-- Indexes for table `users`
--
ALTER TABLE `users`
  ADD PRIMARY KEY (`id`),
  ADD UNIQUE KEY `email` (`email`);

--
-- AUTO_INCREMENT for dumped tables
--

--
-- AUTO_INCREMENT for table `posts`
--
ALTER TABLE `posts`
  MODIFY `id` int(11) NOT NULL AUTO_INCREMENT, AUTO_INCREMENT=32;

--
-- AUTO_INCREMENT for table `topics`
--
ALTER TABLE `topics`
  MODIFY `id` int(11) NOT NULL AUTO_INCREMENT, AUTO_INCREMENT=14;

--
-- AUTO_INCREMENT for table `users`
--
ALTER TABLE `users`
  MODIFY `id` int(11) NOT NULL AUTO_INCREMENT, AUTO_INCREMENT=28;

--
-- Constraints for dumped tables
--

--
-- Constraints for table `posts`
--
ALTER TABLE `posts`
  ADD CONSTRAINT `posts_ibfk_1` FOREIGN KEY (`topic_id`) REFERENCES `topics` (`id`) ON DELETE SET NULL ON UPDATE CASCADE;
COMMIT;

/*!40101 SET CHARACTER_SET_CLIENT=@OLD_CHARACTER_SET_CLIENT */;
/*!40101 SET CHARACTER_SET_RESULTS=@OLD_CHARACTER_SET_RESULTS */;
/*!40101 SET COLLATION_CONNECTION=@OLD_COLLATION_CONNECTION */;
